-- phpMyAdmin SQL Dump
-- version 4.1.6
-- http://www.phpmyadmin.net
--
-- Host: 127.0.0.1
-- Generation Time: Jun 10, 2014 at 07:26 AM
-- Server version: 5.6.16
-- PHP Version: 5.5.9

SET SQL_MODE = "NO_AUTO_VALUE_ON_ZERO";
SET time_zone = "+00:00";


/*!40101 SET @OLD_CHARACTER_SET_CLIENT=@@CHARACTER_SET_CLIENT */;
/*!40101 SET @OLD_CHARACTER_SET_RESULTS=@@CHARACTER_SET_RESULTS */;
/*!40101 SET @OLD_COLLATION_CONNECTION=@@COLLATION_CONNECTION */;
/*!40101 SET NAMES utf8 */;

--
-- Database: `que`
--

-- --------------------------------------------------------

--
-- Table structure for table `config`
--

CREATE TABLE IF NOT EXISTS `config` (
  `id` int(11) NOT NULL AUTO_INCREMENT,
  `name` varchar(255) COLLATE utf8_unicode_ci NOT NULL,
  `deps_id` varchar(255) COLLATE utf8_unicode_ci NOT NULL,
  `created_at` datetime NOT NULL,
  `updated_at` datetime NOT NULL,
  PRIMARY KEY (`id`)
) ENGINE=InnoDB  DEFAULT CHARSET=utf8 COLLATE=utf8_unicode_ci AUTO_INCREMENT=5 ;

--
-- Dumping data for table `config`
--

INSERT INTO `config` (`id`, `name`, `deps_id`, `created_at`, `updated_at`) VALUES
(1, 'Test', '["6","7","9"]', '2014-06-09 11:27:42', '2014-06-09 11:27:42'),
(2, 'scd', '["3","7","8"]', '2014-06-09 11:39:41', '2014-06-09 11:39:41'),
(3, 'DDDD', '["8","10"]', '2014-06-09 11:51:57', '2014-06-09 11:53:18'),
(4, 'ccsdca', '["12","14"]', '2014-06-09 11:56:28', '2014-06-09 11:56:36');

-- --------------------------------------------------------

--
-- Table structure for table `dep`
--

CREATE TABLE IF NOT EXISTS `dep` (
  `id` int(11) NOT NULL AUTO_INCREMENT,
  `name` varchar(255) COLLATE utf8_unicode_ci NOT NULL,
  `picture_path` varchar(255) COLLATE utf8_unicode_ci NOT NULL,
  `g_speak` varchar(255) COLLATE utf8_unicode_ci NOT NULL,
  `g_speak_path` varchar(255) COLLATE utf8_unicode_ci NOT NULL,
  `created_at` datetime NOT NULL,
  `updated_at` datetime NOT NULL,
  PRIMARY KEY (`id`)
) ENGINE=InnoDB  DEFAULT CHARSET=utf8 COLLATE=utf8_unicode_ci AUTO_INCREMENT=56 ;

--
-- Dumping data for table `dep`
--

INSERT INTO `dep` (`id`, `name`, `picture_path`, `g_speak`, `g_speak_path`, `created_at`, `updated_at`) VALUES
(0, 'OPD 3', '', '', '', '0000-00-00 00:00:00', '0000-00-00 00:00:00'),
(1, 'OPD 1', '', '', '', '0000-00-00 00:00:00', '0000-00-00 00:00:00'),
(2, 'OPD 2', '', '', '', '0000-00-00 00:00:00', '0000-00-00 00:00:00'),
(3, 'ER', '', '', '', '0000-00-00 00:00:00', '0000-00-00 00:00:00'),
(4, 'ห้อง 1', '', '', '', '0000-00-00 00:00:00', '0000-00-00 00:00:00'),
(5, 'ตรวจสุขภาพพนักงาน', '', '', '', '0000-00-00 00:00:00', '0000-00-00 00:00:00'),
(6, 'ตรวจสุขภาพอายุไม่เกิน 35 ปี', '', '', '', '0000-00-00 00:00:00', '0000-00-00 00:00:00'),
(7, 'ตรวจสุขภาพอายุเกิน 35 ปี', '', '', '', '0000-00-00 00:00:00', '0000-00-00 00:00:00'),
(8, 'ห้อง 9', '', '', '', '0000-00-00 00:00:00', '0000-00-00 00:00:00'),
(9, 'หน่วยฟอกไตเทียม', '', '', '', '0000-00-00 00:00:00', '0000-00-00 00:00:00'),
(10, 'ห้องทันตกรรม', '', '', '', '0000-00-00 00:00:00', '0000-00-00 00:00:00'),
(11, 'ห้องกายภาพ', '', '', '', '0000-00-00 00:00:00', '0000-00-00 00:00:00'),
(12, 'Ortho.', '', '', '', '0000-00-00 00:00:00', '0000-00-00 00:00:00'),
(13, 'ตรวจสุขภาพพนักงานร.พ.หริภุญชัยฯ', '', '', '', '0000-00-00 00:00:00', '0000-00-00 00:00:00'),
(14, 'กองทุนเงินทดแทน', '', '', '', '0000-00-00 00:00:00', '0000-00-00 00:00:00'),
(55, 'test', '', '', '', '0000-00-00 00:00:00', '0000-00-00 00:00:00');

-- --------------------------------------------------------

--
-- Table structure for table `que`
--

CREATE TABLE IF NOT EXISTS `que` (
  `id` int(11) NOT NULL AUTO_INCREMENT,
  `vn_id` int(11) NOT NULL,
  `hn_id` int(11) NOT NULL,
  `p_name` varchar(255) COLLATE utf8_unicode_ci NOT NULL,
  `p_surname` varchar(255) COLLATE utf8_unicode_ci NOT NULL,
  `dep_id` int(11) NOT NULL,
  `dep_name` varchar(255) COLLATE utf8_unicode_ci NOT NULL,
  `date` date NOT NULL,
  `time` time NOT NULL,
  `hide` tinyint(1) NOT NULL,
  `skip` tinyint(1) NOT NULL,
  `created_at` datetime NOT NULL,
  `updated_at` datetime NOT NULL,
  `remark` varchar(255) COLLATE utf8_unicode_ci NOT NULL,
  `dru` tinyint(1) NOT NULL,
  `cas` tinyint(1) NOT NULL,
  `skip_dru` tinyint(1) NOT NULL,
  PRIMARY KEY (`id`)
) ENGINE=InnoDB  DEFAULT CHARSET=utf8 COLLATE=utf8_unicode_ci AUTO_INCREMENT=326 ;

--
-- Dumping data for table `que`
--

INSERT INTO `que` (`id`, `vn_id`, `hn_id`, `p_name`, `p_surname`, `dep_id`, `dep_name`, `date`, `time`, `hide`, `skip`, `created_at`, `updated_at`, `remark`, `dru`, `cas`, `skip_dru`) VALUES
(1, 2556812, 5707632, 'นาถยา', 'มหาวรรณ์', 3, 'ER', '2014-06-09', '00:47:00', 0, 0, '2014-06-09 04:33:40', '2014-06-09 04:33:40', '', 0, 0, 0),
(2, 2556813, 5707633, 'นิตยา', 'พิมสารดุก', 3, 'ER', '2014-06-09', '02:47:00', 0, 0, '2014-06-09 04:33:40', '2014-06-09 04:33:40', '', 0, 0, 0),
(3, 2556814, 5707634, 'ณัฐพงศ์', 'ม่วงดี', 3, 'ER', '2014-06-09', '03:36:00', 0, 0, '2014-06-09 04:33:40', '2014-06-09 04:33:40', '', 0, 0, 0),
(4, 2556815, 5700037, 'พิกุล', 'อินทะนะ', 3, 'ER', '2014-06-09', '04:24:00', 0, 0, '2014-06-09 04:33:40', '2014-06-09 04:33:40', '', 0, 0, 0),
(5, 2556816, 4507566, 'ฑิฆัมพร', 'ทนันชัย', 3, 'ER', '2014-06-09', '05:03:00', 0, 0, '2014-06-09 04:33:40', '2014-06-09 04:33:40', '', 0, 0, 0),
(6, 2556817, 5607049, 'สุนทรี', 'จินะกาศ', 9, 'หน่วยฟอกไตเทียม', '2014-06-09', '05:16:00', 0, 1, '2014-06-09 04:33:40', '2014-06-09 23:37:55', '', 0, 0, 0),
(7, 2556818, 5503211, 'บัณฑิต', 'อินตากาศ', 9, 'หน่วยฟอกไตเทียม', '2014-06-09', '05:16:00', 0, 1, '2014-06-09 04:33:40', '2014-06-09 23:38:05', '', 0, 0, 0),
(8, 2556819, 5503164, 'วิรัตน์', 'ปันแก้ว', 9, 'หน่วยฟอกไตเทียม', '2014-06-09', '05:17:00', 0, 1, '2014-06-09 04:33:40', '2014-06-09 23:38:07', '', 0, 0, 0),
(9, 2556820, 5707159, 'โอ', 'กลิ่นหอม', 3, 'ER', '2014-06-09', '05:19:00', 0, 0, '2014-06-09 04:33:40', '2014-06-09 04:33:40', '', 0, 0, 0),
(10, 2556821, 4502638, 'น้ำค้าง', 'เสาร์อุดม', 3, 'ER', '2014-06-09', '05:20:00', 0, 0, '2014-06-09 04:33:40', '2014-06-09 04:33:40', '', 0, 0, 0),
(11, 2556822, 5400231, 'ตุ่นแก้ว', 'อินมะกอก', 9, 'หน่วยฟอกไตเทียม', '2014-06-09', '05:21:00', 0, 1, '2014-06-09 04:33:40', '2014-06-09 23:38:09', '', 0, 0, 0),
(12, 2556823, 5700763, 'กุยแก้ว', 'เมืองลือ', 9, 'หน่วยฟอกไตเทียม', '2014-06-09', '05:31:00', 0, 1, '2014-06-09 04:33:40', '2014-06-09 23:38:14', '', 0, 0, 0),
(13, 2556824, 4509964, 'ถาวร', 'สุยะวารี', 9, 'หน่วยฟอกไตเทียม', '2014-06-09', '05:31:00', 0, 1, '2014-06-09 04:33:40', '2014-06-09 23:45:19', '', 0, 0, 0),
(14, 2556825, 5502684, 'พีระพงษ์', 'นิลาพันธ์', 9, 'หน่วยฟอกไตเทียม', '2014-06-09', '05:32:00', 0, 1, '2014-06-09 04:33:40', '2014-06-09 23:45:27', '', 0, 0, 0),
(15, 2556826, 4303928, 'จรูญศรี', 'ไชยศรี', 2, 'OPD  2                                            ', '2014-06-09', '05:32:00', 0, 0, '2014-06-09 04:33:41', '2014-06-09 04:33:41', '', 0, 0, 0),
(16, 2556827, 5605767, 'ไพบูลย์', 'เชียงรุ้ง', 9, 'หน่วยฟอกไตเทียม', '2014-06-09', '05:38:00', 0, 1, '2014-06-09 04:33:41', '2014-06-10 01:03:54', '', 0, 0, 0),
(17, 2556828, 5503305, 'พล', 'สุขใหญ่', 9, 'หน่วยฟอกไตเทียม', '2014-06-09', '05:41:00', 0, 1, '2014-06-09 04:33:41', '2014-06-10 01:04:28', '', 0, 0, 0),
(18, 2556829, 66, 'บัวไหล', 'จันทกลาง', 2, 'OPD  2                                            ', '2014-06-09', '05:42:00', 0, 0, '2014-06-09 04:33:41', '2014-06-09 04:33:41', '', 0, 0, 0),
(19, 2556830, 5510167, 'ตาคำ', 'สายปัน', 9, 'หน่วยฟอกไตเทียม', '2014-06-09', '05:42:00', 1, 1, '2014-06-09 04:33:41', '2014-06-10 00:35:10', 'dddfdf', 0, 0, 0),
(20, 2556831, 5705493, 'จรัส', 'กันธะดา', 9, 'หน่วยฟอกไตเทียม', '2014-06-09', '05:47:00', 0, 1, '2014-06-09 04:33:41', '2014-06-10 01:04:36', '', 0, 0, 0),
(21, 2556832, 4916586, 'บัวจำ', 'สักเส็ด', 9, 'หน่วยฟอกไตเทียม', '2014-06-09', '05:51:00', 1, 1, '2014-06-09 04:33:41', '2014-06-10 04:22:40', '', 0, 0, 0),
(22, 2556833, 5503209, 'พณพล', 'สุยะดี', 9, 'หน่วยฟอกไตเทียม', '2014-06-09', '05:51:00', 0, 1, '2014-06-09 04:33:41', '2014-06-10 01:19:38', 'asdasdasvvccc', 0, 0, 0),
(23, 2556834, 5401355, 'จามาลี', 'คงภักดี', 3, 'ER', '2014-06-09', '06:04:00', 0, 0, '2014-06-09 04:33:41', '2014-06-09 04:33:41', '', 0, 0, 0),
(24, 2556835, 53153, 'สมสมัย', 'วงศ์สถาน', 9, 'หน่วยฟอกไตเทียม', '2014-06-09', '06:08:00', 0, 1, '2014-06-09 04:33:41', '2014-06-10 01:04:48', '', 0, 0, 0),
(25, 2556836, 5112927, 'มานิตา', 'เผ่าต๊ะใจ', 2, 'OPD  2                                            ', '2014-06-09', '06:11:00', 0, 0, '2014-06-09 04:33:41', '2014-06-09 04:33:41', '', 0, 0, 0),
(26, 2556837, 5209757, 'อุไร', 'โกสุโท', 2, 'OPD  2                                            ', '2014-06-09', '06:18:00', 0, 0, '2014-06-09 04:33:41', '2014-06-09 04:33:41', '', 0, 0, 0),
(27, 2556838, 5605761, 'สุวรรณา', 'ชมยิ้ม', 3, 'ER', '2014-06-09', '06:21:00', 0, 0, '2014-06-09 04:33:41', '2014-06-09 04:33:41', '', 0, 0, 0),
(28, 2556839, 4502863, 'ยุรนันท์', 'จันติ๊บแจ่ม', 3, 'ER', '2014-06-09', '06:40:00', 0, 0, '2014-06-09 04:33:41', '2014-06-09 04:33:41', '', 0, 0, 0),
(29, 2556840, 4304946, 'ฟองคำ', 'ยะบุญ', 2, 'OPD  2                                            ', '2014-06-09', '06:52:00', 0, 0, '2014-06-09 04:33:41', '2014-06-09 04:33:41', '', 0, 0, 0),
(30, 2556841, 32234, 'ภัทรา', 'บุญสุข', 2, 'OPD  2                                            ', '2014-06-09', '07:00:00', 0, 0, '2014-06-09 04:33:41', '2014-06-09 04:33:41', '', 0, 0, 0),
(31, 2556842, 5312461, 'พยอม', 'เม้าพิมพ์พา', 2, 'OPD  2                                            ', '2014-06-09', '07:09:00', 0, 0, '2014-06-09 04:33:41', '2014-06-09 04:33:41', '', 0, 0, 0),
(32, 2556843, 4909881, 'ชัยรัตน์', 'โชติสุรพงศ์', 2, 'OPD  2                                            ', '2014-06-09', '07:12:00', 0, 0, '2014-06-09 04:33:41', '2014-06-09 04:33:41', '', 0, 0, 0),
(33, 2556844, 4401614, 'ชะโลม', 'วิมาลัย', 2, 'OPD  2                                            ', '2014-06-09', '07:19:00', 0, 0, '2014-06-09 04:33:41', '2014-06-09 04:33:41', '', 0, 0, 0),
(34, 2556845, 34790, 'เสกสรร', 'ทาใจ', 3, 'ER', '2014-06-09', '07:23:00', 0, 0, '2014-06-09 04:33:41', '2014-06-09 04:33:41', '', 0, 0, 0),
(35, 2556846, 5706996, 'สมพร', 'สุริยะกาศ', 2, 'OPD  2                                            ', '2014-06-09', '07:26:00', 0, 0, '2014-06-09 04:33:41', '2014-06-09 04:33:41', '', 0, 0, 0),
(36, 2556847, 35662, 'ขจร', 'ใจคำ', 2, 'OPD  2                                            ', '2014-06-09', '07:27:00', 0, 0, '2014-06-09 04:33:41', '2014-06-09 04:33:41', '', 0, 0, 0),
(37, 2556848, 5312097, 'เสาร์คำ', 'ยกฟู', 2, 'OPD  2                                            ', '2014-06-09', '07:29:00', 0, 0, '2014-06-09 04:33:41', '2014-06-09 04:33:41', '', 0, 0, 0),
(38, 2556849, 5600859, 'อิทธิพล', 'เพิ่มฤทธิ์', 3, 'ER', '2014-06-09', '07:30:00', 0, 0, '2014-06-09 04:33:41', '2014-06-09 04:33:41', '', 0, 0, 0),
(39, 2556850, 5308466, 'พิชชาพร', 'อินตะยะ', 3, 'ER', '2014-06-09', '07:30:00', 0, 0, '2014-06-09 04:33:41', '2014-06-09 04:33:41', '', 0, 0, 0),
(40, 2556851, 4501674, 'วันดี', 'จันติ๊บแจ่ม', 2, 'OPD  2                                            ', '2014-06-09', '07:31:00', 0, 0, '2014-06-09 04:33:41', '2014-06-09 04:33:41', '', 0, 0, 0),
(41, 2556852, 5208868, 'นิยม', 'คีรีเรืองวิทย์', 3, 'ER', '2014-06-09', '07:31:00', 0, 0, '2014-06-09 04:33:41', '2014-06-09 04:33:41', '', 0, 0, 0),
(42, 2556853, 4906377, 'นพพร', 'เจนการ', 3, 'ER', '2014-06-09', '07:34:00', 0, 0, '2014-06-09 04:33:41', '2014-06-09 04:33:41', '', 0, 0, 0),
(43, 2556854, 9339, 'กมลวรรณ', 'ศรีรัตน์', 2, 'OPD  2                                            ', '2014-06-09', '07:35:00', 0, 0, '2014-06-09 04:33:42', '2014-06-09 04:33:42', '', 0, 0, 0),
(44, 2556855, 5605019, 'ศิรินภา', 'โนกาศ', 2, 'OPD  2                                            ', '2014-06-09', '07:36:00', 0, 0, '2014-06-09 04:33:42', '2014-06-09 04:33:42', '', 0, 0, 0),
(45, 2556856, 4904790, 'นิรุธ', 'อุ่นวรรณา', 3, 'ER', '2014-06-09', '07:37:00', 0, 0, '2014-06-09 04:33:42', '2014-06-09 04:33:42', '', 0, 0, 0),
(46, 2556857, 5707363, 'ทัศรินทร์', 'อินต๊ะขัติย์', 2, 'OPD  2                                            ', '2014-06-09', '07:38:00', 0, 0, '2014-06-09 04:33:42', '2014-06-09 04:33:42', '', 0, 0, 0),
(47, 2556858, 50684, 'ยม', 'สามสิบวงค์', 2, 'OPD  2                                            ', '2014-06-09', '07:38:00', 0, 0, '2014-06-09 04:33:42', '2014-06-09 04:33:42', '', 0, 0, 0),
(48, 2556859, 4604525, 'กัลยา', 'ต๊ะแปง', 2, 'OPD  2                                            ', '2014-06-09', '07:40:00', 0, 0, '2014-06-09 04:33:42', '2014-06-09 04:33:42', '', 0, 0, 0),
(49, 2556860, 6936, 'ถวิล', 'ปรุงเครื่อง', 2, 'OPD  2                                            ', '2014-06-09', '07:42:00', 0, 0, '2014-06-09 04:33:42', '2014-06-09 04:33:42', '', 0, 0, 0),
(50, 2556861, 5607663, 'ไชยสิทธิ์', 'มะโนเพ็ญ', 2, 'OPD  2                                            ', '2014-06-09', '07:42:00', 0, 0, '2014-06-09 04:33:42', '2014-06-09 04:33:42', '', 0, 0, 0),
(51, 2556862, 5705807, 'นุจิรัตน์', 'คนสูง', 3, 'ER', '2014-06-09', '07:44:00', 0, 0, '2014-06-09 04:33:42', '2014-06-09 04:33:42', '', 0, 0, 0),
(52, 2556863, 5114627, 'สายแก้ว', 'จันทร์ดี', 2, 'OPD  2                                            ', '2014-06-09', '07:45:00', 0, 0, '2014-06-09 04:33:42', '2014-06-09 04:33:42', '', 0, 0, 0),
(53, 2556864, 4714735, 'นิติศักดิ์', 'ชาญกล้า', 3, 'ER', '2014-06-09', '07:46:00', 0, 0, '2014-06-09 04:33:42', '2014-06-09 04:33:42', '', 0, 0, 0),
(54, 2556865, 4314962, 'มารินทร์', 'ถิรายุ', 2, 'OPD  2                                            ', '2014-06-09', '07:46:00', 0, 0, '2014-06-09 04:33:42', '2014-06-09 04:33:42', '', 0, 0, 0),
(55, 2556866, 4500078, 'เรียง', 'จันตัน', 2, 'OPD  2                                            ', '2014-06-09', '07:48:00', 0, 0, '2014-06-09 04:33:42', '2014-06-09 04:33:42', '', 0, 0, 0),
(56, 2556867, 5101434, 'ทรงยศ', 'สุรินต๊ะ', 3, 'ER', '2014-06-09', '07:48:00', 0, 0, '2014-06-09 04:33:42', '2014-06-09 04:33:42', '', 0, 0, 0),
(57, 2556868, 5606078, 'กิติชัย', 'ใบพะออม', 1, 'OPD 1                                             ', '2014-06-09', '07:54:00', 0, 0, '2014-06-09 04:33:42', '2014-06-09 04:33:42', '', 0, 0, 0),
(58, 2556869, 5601505, 'วิมล', 'เชี่ยวชาญกิติชัย', 2, 'OPD  2                                            ', '2014-06-09', '07:55:00', 0, 0, '2014-06-09 04:33:42', '2014-06-09 04:33:42', '', 0, 0, 0),
(59, 2556870, 5306818, 'เลิศพิพัฒน์', 'ฟองจันทร์', 2, 'OPD  2                                            ', '2014-06-09', '07:56:00', 0, 0, '2014-06-09 04:33:42', '2014-06-09 04:33:42', '', 0, 0, 0),
(60, 2556871, 5209389, 'สราวุธ', 'วิวงค์', 1, 'OPD 1                                             ', '2014-06-09', '07:58:00', 0, 0, '2014-06-09 04:33:42', '2014-06-09 04:33:42', '', 0, 0, 0),
(61, 2556872, 5407431, 'กรรณิกา', 'แก้วพงค์', 10, 'ห้องทันตกรรม', '2014-06-09', '08:00:00', 0, 0, '2014-06-09 04:33:42', '2014-06-09 04:33:42', '', 0, 0, 0),
(62, 2556873, 51462, 'ศศิธร', 'สุริยาสัก', 2, 'OPD  2                                            ', '2014-06-09', '08:02:00', 0, 0, '2014-06-09 04:33:42', '2014-06-09 04:33:42', '', 0, 0, 0),
(63, 2556874, 4905939, 'ธวัช', 'ทิพย์มูล', 3, 'ER', '2014-06-09', '08:02:00', 0, 0, '2014-06-09 04:33:42', '2014-06-09 04:33:42', '', 0, 0, 0),
(64, 2556875, 4600853, 'แสงหล้า', 'เตจ๊ะวงค์', 1, 'OPD 1                                             ', '2014-06-09', '08:03:00', 0, 0, '2014-06-09 04:33:42', '2014-06-09 04:33:42', '', 0, 0, 0),
(65, 2556876, 5510456, 'ณัฐพร', 'ต้นศิริ', 2, 'OPD  2                                            ', '2014-06-09', '08:04:00', 0, 0, '2014-06-09 04:33:42', '2014-06-09 04:33:42', '', 0, 0, 0),
(66, 2556877, 4502616, 'ธันยนันท์', 'อนันจิตต์', 2, 'OPD  2                                            ', '2014-06-09', '08:05:00', 0, 0, '2014-06-09 04:33:43', '2014-06-09 04:33:43', '', 0, 0, 0),
(67, 2556878, 5003859, 'ชุติกาญจน์', 'ตั้งทอง', 2, 'OPD  2                                            ', '2014-06-09', '08:06:00', 0, 0, '2014-06-09 04:33:43', '2014-06-09 04:33:43', '', 0, 0, 0),
(68, 2556879, 5104517, 'อรรถพล', 'รุณรักษา', 2, 'OPD  2                                            ', '2014-06-09', '08:07:00', 0, 0, '2014-06-09 04:33:43', '2014-06-09 04:33:43', '', 0, 0, 0),
(69, 2556880, 24932, 'สมพร', 'ป่าธนู', 1, 'OPD 1                                             ', '2014-06-09', '08:07:00', 0, 0, '2014-06-09 04:33:43', '2014-06-09 04:33:43', '', 0, 0, 0),
(70, 2556881, 5700602, 'ศรีจันทร์', 'ต๊ะวรรณา', 2, 'OPD  2                                            ', '2014-06-09', '08:08:00', 0, 0, '2014-06-09 04:33:43', '2014-06-09 04:33:43', '', 0, 0, 0),
(71, 2556882, 4311377, 'เพ็ญพักตร์', 'ผากด', 2, 'OPD  2                                            ', '2014-06-09', '08:08:00', 0, 0, '2014-06-09 04:33:43', '2014-06-09 04:33:43', '', 0, 0, 0),
(72, 2556883, 5400526, 'อุไรวรรณ', 'ตาใจ', 2, 'OPD  2                                            ', '2014-06-09', '08:09:00', 0, 0, '2014-06-09 04:33:43', '2014-06-09 04:33:43', '', 0, 0, 0),
(73, 2556884, 5114034, 'สุนทร', 'ปัญชะนา', 2, 'OPD  2                                            ', '2014-06-09', '08:09:00', 0, 0, '2014-06-09 04:33:43', '2014-06-09 04:33:43', '', 0, 0, 0),
(74, 2556885, 5100655, 'สุระศักดิ์', 'เมืองมอญ', 2, 'OPD  2                                            ', '2014-06-09', '08:09:00', 0, 0, '2014-06-09 04:33:43', '2014-06-09 04:33:43', '', 0, 0, 0),
(75, 2556886, 4911952, 'พิมผกา', 'เหลือหลาย', 2, 'OPD  2                                            ', '2014-06-09', '08:10:00', 0, 0, '2014-06-09 04:33:43', '2014-06-09 04:33:43', '', 0, 0, 0),
(76, 2556887, 8119, 'พิสมัย', 'สิทธิใหญ่', 2, 'OPD  2                                            ', '2014-06-09', '08:11:00', 0, 0, '2014-06-09 04:33:43', '2014-06-09 04:33:43', '', 0, 0, 0),
(77, 2556888, 54248, 'สาวิตรี', 'สุริยา', 2, 'OPD  2                                            ', '2014-06-09', '08:12:00', 0, 0, '2014-06-09 04:33:43', '2014-06-09 04:33:43', '', 0, 0, 0),
(78, 2556889, 5401830, 'พจนา', 'ศรีนวลขาว', 2, 'OPD  2                                            ', '2014-06-09', '08:13:00', 0, 0, '2014-06-09 04:33:43', '2014-06-09 04:33:43', '', 0, 0, 0),
(79, 2556890, 5110018, 'รัตนากรณ์', 'ศิริเศรษฐ์', 2, 'OPD  2                                            ', '2014-06-09', '08:14:00', 0, 0, '2014-06-09 04:33:43', '2014-06-09 04:33:43', '', 0, 0, 0),
(80, 2556891, 5707635, 'อัจฉรา', 'มะหามิตร', 8, 'ห้อง 9', '2014-06-09', '08:17:00', 0, 0, '2014-06-09 04:33:43', '2014-06-09 04:33:43', '', 0, 0, 0),
(81, 2556892, 5606395, 'ทศพล', 'จันทรา', 1, 'OPD 1                                             ', '2014-06-09', '08:19:00', 0, 0, '2014-06-09 04:33:43', '2014-06-09 04:33:43', '', 0, 0, 0),
(82, 2556893, 5605182, 'จันทร์นภา', 'คำวงษ์', 1, 'OPD 1                                             ', '2014-06-09', '08:20:00', 0, 0, '2014-06-09 04:33:43', '2014-06-09 04:33:43', '', 0, 0, 0),
(83, 2556894, 5107075, 'สุพัตรา', 'มณีส้าว', 1, 'OPD 1                                             ', '2014-06-09', '08:21:00', 0, 0, '2014-06-09 04:33:43', '2014-06-09 04:33:43', '', 0, 0, 0),
(84, 2556895, 5006511, 'มัทรี', 'ฝักฝ่าย', 1, 'OPD 1                                             ', '2014-06-09', '08:21:00', 0, 0, '2014-06-09 04:33:43', '2014-06-09 04:33:43', '', 0, 0, 0),
(85, 2556896, 32001, 'สิรภพ', 'โยธินธรรมศักดิ์', 2, 'OPD  2                                            ', '2014-06-09', '08:23:00', 0, 0, '2014-06-09 04:33:43', '2014-06-09 04:33:43', '', 0, 0, 0),
(86, 2556897, 21490, 'เพ็ญศรี', 'ใชยา', 2, 'OPD  2                                            ', '2014-06-09', '08:23:00', 0, 0, '2014-06-09 04:33:43', '2014-06-09 04:33:43', '', 0, 0, 0),
(87, 2556898, 5011637, 'กนกพร', 'ค้ำคูณโอฬาร', 3, 'ER', '2014-06-09', '08:28:00', 0, 0, '2014-06-09 04:33:43', '2014-06-09 04:33:43', '', 0, 0, 0),
(88, 2556899, 48664, 'นคร', 'คำเต๋ย', 4, 'ห้อง 1', '2014-06-09', '08:29:00', 0, 0, '2014-06-09 04:33:43', '2014-06-09 04:33:43', '', 0, 0, 0),
(89, 2556900, 4601554, 'กรรณิการ์', 'ลองวิลัย', 2, 'OPD  2                                            ', '2014-06-09', '08:29:00', 0, 0, '2014-06-09 04:33:43', '2014-06-09 04:33:43', '', 0, 0, 0),
(90, 2556901, 4514904, 'พิษณุ', 'ลิ้มธรรมรส', 2, 'OPD  2                                            ', '2014-06-09', '08:30:00', 0, 0, '2014-06-09 04:33:44', '2014-06-09 04:33:44', '', 0, 0, 0),
(91, 2556902, 5700820, 'กนต์ธร', 'สุธรรม', 1, 'OPD 1                                             ', '2014-06-09', '08:31:00', 0, 0, '2014-06-09 04:33:44', '2014-06-09 04:33:44', '', 0, 0, 0),
(92, 2556903, 5701089, 'เสฏฐวุฒิ', 'ขันจินา', 4, 'ห้อง 1', '2014-06-09', '08:31:00', 0, 0, '2014-06-09 04:33:44', '2014-06-09 04:33:44', '', 0, 0, 0),
(93, 2556904, 4912115, 'จันทร์สุณีย์', 'เถาปาอิน', 10, 'ห้องทันตกรรม', '2014-06-09', '08:32:00', 0, 0, '2014-06-09 04:33:44', '2014-06-09 04:33:44', '', 0, 0, 0),
(94, 2556905, 54073, 'ปาณิศา', 'ผิวงาม', 2, 'OPD  2                                            ', '2014-06-09', '08:32:00', 0, 0, '2014-06-09 04:33:44', '2014-06-09 04:33:44', '', 0, 0, 0),
(95, 2556906, 17349, 'ประทิน', 'ประโยงค์', 2, 'OPD  2                                            ', '2014-06-09', '08:33:00', 0, 0, '2014-06-09 04:33:44', '2014-06-09 04:33:44', '', 0, 0, 0),
(96, 2556907, 5702829, 'กมลนัทธ์', 'โสทัน', 2, 'OPD  2                                            ', '2014-06-09', '08:35:00', 0, 0, '2014-06-09 04:33:44', '2014-06-09 04:33:44', '', 0, 0, 0),
(97, 2556908, 5610759, 'ธิดา', 'ธารสุขกบิล', 1, 'OPD 1                                             ', '2014-06-09', '08:37:00', 0, 0, '2014-06-09 04:33:44', '2014-06-09 04:33:44', '', 0, 0, 0),
(98, 2556909, 4906232, 'วราภรณ์', 'หมื่นแสน', 2, 'OPD  2                                            ', '2014-06-09', '08:38:00', 0, 0, '2014-06-09 04:33:44', '2014-06-09 04:33:44', '', 0, 0, 0),
(99, 2556910, 59102, 'อนุชา', 'ชัยถวิล', 2, 'OPD  2                                            ', '2014-06-09', '08:39:00', 0, 0, '2014-06-09 04:33:44', '2014-06-09 04:33:44', '', 0, 0, 0),
(100, 2556911, 24507, 'ปรัชญา', 'อ่อนเกิด', 2, 'OPD  2                                            ', '2014-06-09', '08:40:00', 0, 0, '2014-06-09 04:33:44', '2014-06-09 04:33:44', '', 0, 0, 0),
(101, 2556912, 8808, 'อรุณี', 'คำภิชัย', 2, 'OPD  2                                            ', '2014-06-09', '08:40:00', 0, 0, '2014-06-09 04:33:44', '2014-06-09 04:33:44', '', 0, 0, 0),
(102, 2556913, 5410600, 'นเรศ', 'ไชยสงคราม', 1, 'OPD 1                                             ', '2014-06-09', '08:42:00', 0, 0, '2014-06-09 04:33:44', '2014-06-09 04:33:44', '', 0, 0, 0),
(103, 2556914, 4917352, 'จิระศักดิ์', 'ไชยะ', 4, 'ห้อง 1', '2014-06-09', '08:42:00', 0, 0, '2014-06-09 04:33:44', '2014-06-09 04:33:44', '', 0, 0, 0),
(104, 2556915, 5701312, 'อนุพันธ์', 'วิสัย', 2, 'OPD  2                                            ', '2014-06-09', '08:42:00', 0, 0, '2014-06-09 04:33:44', '2014-06-09 04:33:44', '', 0, 0, 0),
(105, 2556916, 5604720, 'สุพัตรา', 'ยาวิละ', 3, 'ER', '2014-06-09', '08:42:00', 0, 0, '2014-06-09 04:33:44', '2014-06-09 04:33:44', '', 0, 0, 0),
(106, 2556917, 47084, 'ธัญญา', 'แก้วศักดิ์', 2, 'OPD  2                                            ', '2014-06-09', '08:44:00', 0, 0, '2014-06-09 04:33:44', '2014-06-09 04:33:44', '', 0, 0, 0),
(107, 2556918, 5608297, 'สนั่น', 'นันทขว้าง', 3, 'ER', '2014-06-09', '08:44:00', 0, 0, '2014-06-09 04:33:44', '2014-06-09 04:33:44', '', 0, 0, 0),
(108, 2556919, 55700, 'เสาวนีย์', 'เอกปาน', 2, 'OPD  2                                            ', '2014-06-09', '08:44:00', 0, 0, '2014-06-09 04:33:44', '2014-06-09 04:33:44', '', 0, 0, 0),
(109, 2556920, 5605679, 'วันเพ็ญ', 'นันทขว้าง', 3, 'ER', '2014-06-09', '08:44:00', 0, 0, '2014-06-09 04:33:44', '2014-06-09 04:33:44', '', 0, 0, 0),
(110, 2556921, 4417302, 'คนึงนิจ', 'นันต๊ะเหล็ก', 3, 'ER', '2014-06-09', '08:45:00', 0, 0, '2014-06-09 04:33:44', '2014-06-09 04:33:44', '', 0, 0, 0),
(111, 2556922, 5601613, 'ธัญพร', 'สายมณี', 2, 'OPD  2                                            ', '2014-06-09', '08:46:00', 0, 0, '2014-06-09 04:33:44', '2014-06-09 04:33:44', '', 0, 0, 0),
(112, 2556923, 5606123, 'รุจิรา', 'จอมป้อ                                            ', 1, 'OPD 1                                             ', '2014-06-09', '08:46:00', 0, 0, '2014-06-09 04:33:44', '2014-06-09 04:33:44', '', 0, 0, 0),
(113, 2556924, 4703460, 'นิตยา', 'บุญมี', 1, 'OPD 1                                             ', '2014-06-09', '08:49:00', 0, 0, '2014-06-09 04:33:45', '2014-06-09 04:33:45', '', 0, 0, 0),
(114, 2556925, 5409272, 'ปิยมาพร', 'สุดแดน', 1, 'OPD 1                                             ', '2014-06-09', '08:50:00', 0, 0, '2014-06-09 04:33:45', '2014-06-09 04:33:45', '', 0, 0, 0),
(115, 2556926, 5610329, 'ยรรยง', 'ณ วันจันทร์', 3, 'ER', '2014-06-09', '08:50:00', 0, 0, '2014-06-09 04:33:45', '2014-06-09 04:33:45', '', 0, 0, 0),
(116, 2556927, 4803948, 'มนตรี', 'ดวงตาสิทธิ์', 2, 'OPD  2                                            ', '2014-06-09', '08:50:00', 0, 0, '2014-06-09 04:33:45', '2014-06-09 04:33:45', '', 0, 0, 0),
(117, 2556928, 5413938, 'วีรชัย', 'ชูจันทร์', 1, 'OPD 1                                             ', '2014-06-09', '08:51:00', 0, 0, '2014-06-09 04:33:45', '2014-06-09 04:33:45', '', 0, 0, 0),
(118, 2556929, 4406773, 'จีรารัตน์', 'แก้วแสน', 4, 'ห้อง 1', '2014-06-09', '08:56:00', 0, 0, '2014-06-09 04:33:45', '2014-06-09 04:33:45', '', 0, 0, 0),
(119, 2556930, 4608688, 'ลัดดา', 'จันธง', 2, 'OPD  2                                            ', '2014-06-09', '08:56:00', 0, 0, '2014-06-09 04:33:45', '2014-06-09 04:33:45', '', 0, 0, 0),
(120, 2556931, 4512800, 'ณัฐรพงษ์', 'ทาเล่', 2, 'OPD  2                                            ', '2014-06-09', '09:00:00', 0, 0, '2014-06-09 04:33:45', '2014-06-09 04:33:45', '', 0, 0, 0),
(121, 2556932, 5608334, 'ศุภรางศ์', 'สมงาม', 1, 'OPD 1                                             ', '2014-06-09', '09:01:00', 0, 0, '2014-06-09 04:33:45', '2014-06-09 04:33:45', '', 0, 0, 0),
(122, 2556933, 49275, 'ธัญญ์กมน', 'กันคำกาศ', 2, 'OPD  2                                            ', '2014-06-09', '09:02:00', 0, 0, '2014-06-09 04:33:45', '2014-06-09 04:33:45', '', 0, 0, 0),
(123, 2556934, 12442, 'วรกานต์', 'สุยะใหญ่', 3, 'ER', '2014-06-09', '09:03:00', 0, 0, '2014-06-09 04:33:45', '2014-06-09 04:33:45', '', 0, 0, 0),
(124, 2556935, 5703169, 'อมรรัตน์', 'รุ่งเรือง', 3, 'ER', '2014-06-09', '09:03:00', 0, 0, '2014-06-09 04:33:45', '2014-06-09 04:33:45', '', 0, 0, 0),
(125, 2556936, 5311645, 'สุรสิทธิ์', 'ติดทะ', 2, 'OPD  2                                            ', '2014-06-09', '09:04:00', 0, 0, '2014-06-09 04:33:45', '2014-06-09 04:33:45', '', 0, 0, 0),
(126, 2556937, 4607880, 'จักรพันธ์', 'จินะพรม', 2, 'OPD  2                                            ', '2014-06-09', '09:04:00', 0, 0, '2014-06-09 04:33:45', '2014-06-09 04:33:45', '', 0, 0, 0),
(127, 2556938, 4716029, 'บุญเรือง', 'ขันโชค', 3, 'ER', '2014-06-09', '09:04:00', 0, 0, '2014-06-09 04:33:45', '2014-06-09 04:33:45', '', 0, 0, 0),
(128, 2556939, 5700828, 'ดวงสมร', 'มีเนาว์', 1, 'OPD 1                                             ', '2014-06-09', '09:06:00', 0, 0, '2014-06-09 04:33:45', '2014-06-09 04:33:45', '', 0, 0, 0),
(129, 2556940, 5400963, 'วารุณี', 'ชัยสุวรรณ์', 3, 'ER', '2014-06-09', '09:06:00', 0, 0, '2014-06-09 04:33:45', '2014-06-09 04:33:45', '', 0, 0, 0),
(130, 2556941, 4507988, 'ทิพย์วรรณ', 'วงค์แจ่ม', 2, 'OPD  2                                            ', '2014-06-09', '09:06:00', 0, 0, '2014-06-09 04:33:45', '2014-06-09 04:33:45', '', 0, 0, 0),
(131, 2556942, 5401388, 'ประเสริฐ', 'ท้ายนาวา', 3, 'ER', '2014-06-09', '09:07:00', 0, 0, '2014-06-09 04:33:45', '2014-06-09 04:33:45', '', 0, 0, 0),
(132, 2556943, 4505998, 'วริยาภรณ์', 'คำชมภู', 4, 'ห้อง 1', '2014-06-09', '09:10:00', 0, 0, '2014-06-09 04:33:45', '2014-06-09 04:33:45', '', 0, 0, 0),
(133, 2556944, 5707636, 'บุญศรี', 'คำชมภู', 4, 'ห้อง 1', '2014-06-09', '09:10:00', 0, 0, '2014-06-09 04:33:45', '2014-06-09 04:33:45', '', 0, 0, 0),
(134, 2556945, 5706093, 'ศรีวรรณ', 'อุ่นเรือน', 2, 'OPD  2                                            ', '2014-06-09', '09:11:00', 0, 0, '2014-06-09 04:33:45', '2014-06-09 04:33:45', '', 0, 0, 0),
(135, 2556946, 5606220, 'ดำเนิน', 'วันดู', 2, 'OPD  2                                            ', '2014-06-09', '09:13:00', 0, 0, '2014-06-09 04:33:45', '2014-06-09 04:33:45', '', 0, 0, 0),
(136, 2556947, 4901108, 'จรรยาภรณ์', 'ทะลาบุญ', 3, 'ER', '2014-06-09', '09:13:00', 0, 0, '2014-06-09 04:33:45', '2014-06-09 04:33:45', '', 0, 0, 0),
(137, 2556948, 69246, 'สุวรรณ', 'หิรัญรัตน์', 3, 'ER', '2014-06-09', '09:13:00', 0, 0, '2014-06-09 04:33:46', '2014-06-09 04:33:46', '', 0, 0, 0),
(138, 2556949, 5315378, 'อัญชลี', 'พิสปิงคำ', 1, 'OPD 1                                             ', '2014-06-09', '09:15:00', 0, 0, '2014-06-09 04:33:46', '2014-06-09 04:33:46', '', 0, 0, 0),
(139, 2556950, 5509905, 'ณัฐธิดา', 'สมบูรณ์', 1, 'OPD 1                                             ', '2014-06-09', '09:16:00', 0, 0, '2014-06-09 04:33:46', '2014-06-09 04:33:46', '', 0, 0, 0),
(140, 2556951, 5707637, 'ไพศาล', 'อินจาย', 5, 'ตรวจสุขภาพพนักงาน', '2014-06-09', '09:17:00', 0, 0, '2014-06-09 04:33:46', '2014-06-09 04:33:46', '', 0, 0, 0),
(141, 2556952, 5514060, 'อชรายุ', 'วันวา', 3, 'ER', '2014-06-09', '09:18:00', 0, 0, '2014-06-09 04:33:46', '2014-06-09 04:33:46', '', 0, 0, 0),
(142, 2556953, 5601761, 'นาตยา', 'ตุ่มสุ่ม', 4, 'ห้อง 1', '2014-06-09', '09:18:00', 0, 0, '2014-06-09 04:33:46', '2014-06-09 04:33:46', '', 0, 0, 0),
(143, 2556954, 4703067, 'วันดี', 'ธนะ', 11, 'ห้องกายภาพ', '2014-06-09', '09:18:00', 0, 0, '2014-06-09 04:33:46', '2014-06-09 04:33:46', '', 0, 0, 0),
(144, 2556955, 5011986, 'ทิพวรรณ์', 'คำขาว', 1, 'OPD 1                                             ', '2014-06-09', '09:20:00', 0, 0, '2014-06-09 04:33:46', '2014-06-09 04:33:46', '', 0, 0, 0),
(145, 2556956, 5508087, 'จันทร์จิรา', 'มหาวันน้ำ', 2, 'OPD  2                                            ', '2014-06-09', '09:21:00', 0, 0, '2014-06-09 04:33:46', '2014-06-09 04:33:46', '', 0, 0, 0),
(146, 2556957, 69645, 'ไพโรจน์', 'ทองอาชา', 2, 'OPD  2                                            ', '2014-06-09', '09:22:00', 0, 0, '2014-06-09 04:33:46', '2014-06-09 04:33:46', '', 0, 0, 0),
(147, 2556958, 5606487, 'ประยูร', 'วรรณโส', 2, 'OPD  2                                            ', '2014-06-09', '09:23:00', 0, 0, '2014-06-09 04:33:46', '2014-06-09 04:33:46', '', 0, 0, 0),
(148, 2556959, 5601922, 'กรกช', 'สุธรรม', 3, 'ER', '2014-06-09', '09:23:00', 0, 0, '2014-06-09 04:33:46', '2014-06-09 04:33:46', '', 0, 0, 0),
(149, 2556960, 4909519, 'นฤมล', 'ปั้นหุ่น', 2, 'OPD  2                                            ', '2014-06-09', '09:24:00', 0, 0, '2014-06-09 04:33:46', '2014-06-09 04:33:46', '', 0, 0, 0),
(150, 2556961, 4704659, 'อำไพ', 'ไชยรัตน์', 2, 'OPD  2                                            ', '2014-06-09', '09:25:00', 0, 0, '2014-06-09 04:33:46', '2014-06-09 04:33:46', '', 0, 0, 0),
(151, 2556962, 5003943, 'รัชฎาภรณ์', 'อินเขียวสาย', 1, 'OPD 1                                             ', '2014-06-09', '09:25:00', 0, 0, '2014-06-09 04:33:46', '2014-06-09 04:33:46', '', 0, 0, 0),
(152, 2556963, 5400258, 'นงนุช', 'ภูสด', 1, 'OPD 1                                             ', '2014-06-09', '09:26:00', 0, 0, '2014-06-09 04:33:46', '2014-06-09 04:33:46', '', 0, 0, 0),
(153, 2556964, 5601762, 'สาวิตรี', 'ปัญญาฉาย', 2, 'OPD  2                                            ', '2014-06-09', '09:27:00', 0, 0, '2014-06-09 04:33:46', '2014-06-09 04:33:46', '', 0, 0, 0),
(154, 2556965, 59799, 'ปัด', 'สกุลรักษ์', 4, 'ห้อง 1', '2014-06-09', '09:30:00', 0, 0, '2014-06-09 04:33:46', '2014-06-09 04:33:46', '', 0, 0, 0),
(155, 2556966, 25001, 'ผดุง', 'ดุแฮ', 3, 'ER', '2014-06-09', '09:30:00', 0, 0, '2014-06-09 04:33:46', '2014-06-09 04:33:46', '', 0, 0, 0),
(156, 2556967, 4500946, 'สุรินทร์พร', 'พอใจ', 2, 'OPD  2                                            ', '2014-06-09', '09:31:00', 0, 0, '2014-06-09 04:33:47', '2014-06-09 04:33:47', '', 0, 0, 0),
(157, 2556968, 4811062, 'วารุณี', 'สุวรรณศรี', 2, 'OPD  2                                            ', '2014-06-09', '09:32:00', 0, 0, '2014-06-09 04:33:47', '2014-06-09 04:33:47', '', 0, 0, 0),
(158, 2556969, 5204061, 'รัชนีพร', 'บุญเรือง', 2, 'OPD  2                                            ', '2014-06-09', '09:33:00', 0, 0, '2014-06-09 04:34:12', '2014-06-09 04:34:12', '', 0, 0, 0),
(159, 2556970, 68363, 'วัชรา', 'ชูคำ', 3, 'ER', '2014-06-09', '09:34:00', 0, 0, '2014-06-09 04:34:52', '2014-06-09 04:34:52', '', 0, 0, 0),
(160, 2556971, 49845, 'สมหมาย', 'สิทธิกรสกุล', 2, 'OPD  2                                            ', '2014-06-09', '09:34:00', 0, 0, '2014-06-09 04:35:33', '2014-06-09 04:35:33', '', 0, 0, 0),
(161, 2556972, 39115, 'พิมพ์ชนก', 'แก้วไฟ', 2, 'OPD  2                                            ', '2014-06-09', '09:36:00', 0, 0, '2014-06-09 04:37:20', '2014-06-09 04:37:20', '', 0, 0, 0),
(162, 2556973, 4307082, 'สมศรี', 'เหมยเมืองแก้ว', 2, 'OPD  2                                            ', '2014-06-09', '09:37:00', 0, 0, '2014-06-09 04:38:09', '2014-06-09 04:38:09', '', 0, 0, 0),
(163, 2556974, 5610018, 'พัชรีญา', 'เจริญผล', 2, 'OPD  2                                            ', '2014-06-09', '09:39:00', 0, 0, '2014-06-09 04:39:40', '2014-06-09 04:39:40', '', 0, 0, 0),
(164, 2556975, 13607, 'เข็มชาย', 'สมดวงสี', 2, 'OPD  2                                            ', '2014-06-09', '09:39:00', 0, 0, '2014-06-09 04:40:14', '2014-06-09 04:40:14', '', 0, 0, 0),
(165, 2556976, 5707549, 'นันทนัช', 'ชัยชนะ', 2, 'OPD  2                                            ', '2014-06-09', '09:39:00', 0, 0, '2014-06-09 04:40:30', '2014-06-09 04:40:30', '', 0, 0, 0),
(166, 2556977, 5414116, 'ปนัดดา', 'ขยันกิจ', 9, 'หน่วยฟอกไตเทียม', '2014-06-09', '09:43:00', 0, 1, '2014-06-09 04:44:23', '2014-06-10 01:06:25', '', 0, 0, 0),
(167, 2556978, 5705529, 'อภิรเดช', 'เครือวัลย์', 1, 'OPD 1                                             ', '2014-06-09', '09:44:00', 0, 0, '2014-06-09 04:44:39', '2014-06-09 04:44:39', '', 0, 0, 0),
(168, 2556979, 5603218, 'ฟองจันทร์', 'อวฤทธิ์', 9, 'หน่วยฟอกไตเทียม', '2014-06-09', '09:44:00', 0, 1, '2014-06-09 04:44:48', '2014-06-10 01:19:40', 'asxccsssscxzxc', 0, 0, 0),
(169, 2556980, 5503244, 'บัวยอย', 'พรมใจ', 9, 'หน่วยฟอกไตเทียม', '2014-06-09', '09:44:00', 0, 1, '2014-06-09 04:44:56', '2014-06-10 01:04:39', '', 0, 0, 0),
(170, 2556981, 64658, 'ยรรยง', 'มโนบาง', 2, 'OPD  2                                            ', '2014-06-09', '09:44:00', 0, 0, '2014-06-09 04:45:06', '2014-06-09 04:45:06', '', 0, 0, 0),
(171, 2556982, 5501966, 'เจย', 'จอจันทร์', 9, 'หน่วยฟอกไตเทียม', '2014-06-09', '09:44:00', 0, 1, '2014-06-09 04:45:14', '2014-06-10 01:04:46', '', 0, 0, 0),
(172, 2556983, 5503241, 'จันศรี', 'วงค์ฝั้น', 9, 'หน่วยฟอกไตเทียม', '2014-06-09', '09:44:00', 0, 1, '2014-06-09 04:45:22', '2014-06-10 01:19:43', '', 0, 0, 0),
(173, 2556984, 4607804, 'มัลลิกา', 'ใจปินตา', 1, 'OPD 1                                             ', '2014-06-09', '09:45:00', 0, 0, '2014-06-09 04:45:39', '2014-06-09 04:45:39', '', 0, 0, 0),
(174, 2556985, 5609945, 'สุขแก้ว', 'อินยงค์', 9, 'หน่วยฟอกไตเทียม', '2014-06-09', '09:45:00', 0, 1, '2014-06-09 04:45:56', '2014-06-10 01:20:06', '', 0, 0, 0),
(175, 2556986, 5604493, 'คำ', 'จุมปูฟู', 9, 'หน่วยฟอกไตเทียม', '2014-06-09', '09:45:00', 0, 1, '2014-06-09 04:46:04', '2014-06-10 01:20:03', '', 0, 0, 0),
(176, 2556987, 5208308, 'นารีรัตน์', 'จักร์ใจ', 1, 'OPD 1                                             ', '2014-06-09', '09:45:00', 0, 0, '2014-06-09 04:46:12', '2014-06-09 04:46:12', '', 0, 0, 0),
(177, 2556988, 5401790, 'ชื่น', 'ตันน้อย', 9, 'หน่วยฟอกไตเทียม', '2014-06-09', '09:45:00', 0, 1, '2014-06-09 04:46:21', '2014-06-10 01:04:43', '', 0, 0, 0),
(178, 2556989, 5704712, 'แน่น', 'มาคำสาย', 9, 'หน่วยฟอกไตเทียม', '2014-06-09', '09:45:00', 0, 1, '2014-06-09 04:46:29', '2014-06-10 01:06:28', '', 0, 0, 0),
(179, 2556990, 5605194, 'คำเอ้ย', 'เขตโลก', 9, 'หน่วยฟอกไตเทียม', '2014-06-09', '09:46:00', 0, 1, '2014-06-09 04:46:38', '2014-06-10 01:04:54', '', 0, 0, 0),
(180, 2556991, 5404464, 'ศุภร', 'จำปาวงค์', 1, 'OPD 1                                             ', '2014-06-09', '09:49:00', 0, 0, '2014-06-09 04:49:51', '2014-06-09 04:49:51', '', 0, 0, 0),
(181, 2556992, 4905382, 'ทิพวัลย์', 'คะนันศรี', 2, 'OPD  2                                            ', '2014-06-09', '09:51:00', 0, 0, '2014-06-09 04:51:47', '2014-06-09 04:51:47', '', 0, 0, 0),
(182, 2556993, 31372, 'เบญจมาศ', 'ปัญญา', 2, 'OPD  2                                            ', '2014-06-09', '09:53:00', 0, 0, '2014-06-09 04:53:53', '2014-06-09 04:53:53', '', 0, 0, 0),
(183, 2556994, 29376, 'ปรีดา', 'ปาระมีสัก', 2, 'OPD  2                                            ', '2014-06-09', '09:53:00', 0, 0, '2014-06-09 04:53:53', '2014-06-09 04:53:53', '', 0, 0, 0),
(184, 2556995, 4909608, 'สมจิตร', 'ศรีวิชัย', 2, 'OPD  2                                            ', '2014-06-09', '09:54:00', 0, 0, '2014-06-09 04:54:45', '2014-06-09 04:54:45', '', 0, 0, 0),
(185, 2556996, 4900328, 'พรรณี', 'สิงห์ใจ', 3, 'ER', '2014-06-09', '09:54:00', 0, 0, '2014-06-09 04:54:53', '2014-06-09 04:54:53', '', 0, 0, 0),
(186, 2556997, 5707638, 'วิรุณรัตน์', 'อินต๊ะจักร', 1, 'OPD 1                                             ', '2014-06-09', '09:54:00', 0, 0, '2014-06-09 04:55:02', '2014-06-09 04:55:02', '', 0, 0, 0),
(187, 2556998, 5609246, 'จุฬาพร', 'มณีทอง', 9, 'หน่วยฟอกไตเทียม', '2014-06-09', '09:57:00', 0, 1, '2014-06-09 04:58:08', '2014-06-10 01:04:51', '', 0, 0, 0),
(188, 2556999, 5707639, 'รัตนสิทธิ์', 'แสนโส', 5, 'ตรวจสุขภาพพนักงาน', '2014-06-09', '09:57:00', 0, 0, '2014-06-09 04:58:16', '2014-06-09 04:58:16', '', 0, 0, 0),
(189, 2557000, 5707640, 'ดำรงศักดิ์', 'วงศ์โสภา', 5, 'ตรวจสุขภาพพนักงาน', '2014-06-09', '09:59:00', 0, 0, '2014-06-09 04:59:58', '2014-06-09 04:59:58', '', 0, 0, 0),
(190, 2557001, 5311971, 'พรรณผกา', 'คำมูล', 3, 'ER', '2014-06-09', '09:59:00', 0, 0, '2014-06-09 05:00:24', '2014-06-09 05:00:24', '', 0, 0, 0),
(191, 2557002, 5309986, 'เถิง', 'สิงห์สุติน', 9, 'หน่วยฟอกไตเทียม', '2014-06-09', '10:00:00', 0, 0, '2014-06-09 05:00:50', '2014-06-10 04:29:41', '', 0, 0, 0),
(192, 2557003, 5314815, 'อดุลย์', 'บุญมี', 5, 'ตรวจสุขภาพพนักงาน', '2014-06-09', '10:01:00', 0, 0, '2014-06-09 05:01:58', '2014-06-09 05:01:58', '', 0, 0, 0),
(193, 2557004, 5408534, 'สุควา', 'ใจสดใส', 5, 'ตรวจสุขภาพพนักงาน', '2014-06-09', '10:02:00', 0, 0, '2014-06-09 05:02:40', '2014-06-09 05:02:40', '', 0, 0, 0),
(194, 2557005, 5315407, 'สุทัศน์', 'ใหม่พรหม', 9, 'หน่วยฟอกไตเทียม', '2014-06-09', '10:03:00', 0, 1, '2014-06-09 05:03:40', '2014-06-10 04:22:37', 'efefe', 0, 0, 0),
(195, 2557006, 5706058, 'พูลทรัพย์', 'กุมภวิจิตร', 2, 'OPD  2                                            ', '2014-06-09', '10:03:00', 0, 0, '2014-06-09 05:03:57', '2014-06-09 05:03:57', '', 0, 0, 0),
(196, 2557007, 5108139, 'ศักดิ์สยาม', 'คิงคำ', 5, 'ตรวจสุขภาพพนักงาน', '2014-06-09', '10:03:00', 0, 0, '2014-06-09 05:04:06', '2014-06-09 05:04:06', '', 0, 0, 0),
(197, 2557008, 5501908, 'ชัยยา', 'พรหมใจ', 9, 'หน่วยฟอกไตเทียม', '2014-06-09', '10:03:00', 0, 1, '2014-06-09 05:04:06', '2014-06-10 01:06:31', '', 0, 0, 0),
(198, 2557009, 5503247, 'เสาร์', 'วิจาอ้าย', 9, 'หน่วยฟอกไตเทียม', '2014-06-09', '10:03:00', 0, 0, '2014-06-09 05:04:15', '2014-06-10 04:29:44', '', 0, 0, 0),
(199, 2557010, 5503246, 'ต่วน', 'ต๊ะสุภา', 9, 'หน่วยฟอกไตเทียม', '2014-06-09', '10:03:00', 0, 0, '2014-06-09 05:04:24', '2014-06-10 04:29:40', '', 0, 0, 0),
(200, 2557011, 55643, 'ประดิษฐ์', 'รัศมีจันทร์', 1, 'OPD 1                                             ', '2014-06-09', '10:04:00', 0, 0, '2014-06-09 05:04:59', '2014-06-09 05:04:59', '', 0, 0, 0),
(201, 2557012, 4404913, 'เกริกชกร', 'อินทะจักร์', 3, 'ER', '2014-06-09', '10:04:00', 0, 0, '2014-06-09 05:04:59', '2014-06-09 05:04:59', '', 0, 0, 0),
(202, 2557013, 5700763, 'กุยแก้ว', 'เมืองลือ', 9, 'หน่วยฟอกไตเทียม', '2014-06-09', '10:04:00', 0, 1, '2014-06-09 05:05:07', '2014-06-10 04:39:53', '', 0, 0, 0),
(203, 2557014, 5608542, 'สุรินทร์', 'จอมจันทร์', 9, 'หน่วยฟอกไตเทียม', '2014-06-09', '10:05:00', 0, 1, '2014-06-09 05:05:51', '2014-06-10 03:08:22', '', 0, 0, 0),
(204, 2557015, 48736, 'มัตติกา', 'สาวะจันทร์', 1, 'OPD 1                                             ', '2014-06-09', '10:05:00', 0, 0, '2014-06-09 05:05:59', '2014-06-09 05:05:59', '', 0, 0, 0),
(205, 2557016, 5202828, 'จุฑามาศ', 'ศรีจะตะ', 3, 'ER', '2014-06-09', '10:05:00', 0, 0, '2014-06-09 05:06:26', '2014-06-09 05:06:26', '', 0, 0, 0),
(206, 2557017, 5401935, 'เฉลิมชัย', 'เขตวัง', 1, 'OPD 1                                             ', '2014-06-09', '10:06:00', 0, 0, '2014-06-09 05:07:00', '2014-06-09 05:07:00', '', 0, 0, 0),
(207, 2557018, 5311605, 'สุพิชญาภา', 'สุภาษี', 1, 'OPD 1                                             ', '2014-06-09', '10:07:00', 0, 0, '2014-06-09 05:07:44', '2014-06-09 05:07:44', '', 0, 0, 0),
(208, 2557019, 5301341, 'ประสิทธิ์', 'ปู่ปุ', 1, 'OPD 1                                             ', '2014-06-09', '10:09:00', 0, 0, '2014-06-09 05:10:30', '2014-06-09 05:10:30', '', 0, 0, 0),
(209, 2557020, 4915026, 'ธนพงษ์', 'วีระพลชัย', 1, 'OPD 1                                             ', '2014-06-09', '10:10:00', 0, 0, '2014-06-09 05:11:31', '2014-06-09 05:11:31', '', 0, 0, 0),
(210, 2557021, 48588, 'ไพวรรณ', 'ป้องปัด', 1, 'OPD 1                                             ', '2014-06-09', '10:11:00', 0, 0, '2014-06-09 05:12:15', '2014-06-09 05:12:15', '', 0, 0, 0),
(211, 2557022, 4704939, 'จีราภรณ์', 'พรหมยาดวง', 1, 'OPD 1                                             ', '2014-06-09', '10:12:00', 0, 0, '2014-06-09 05:13:08', '2014-06-09 05:13:08', '', 0, 0, 0),
(212, 2557023, 4711553, 'บานเย็น', 'คะปานา', 2, 'OPD  2                                            ', '2014-06-09', '10:13:00', 0, 0, '2014-06-09 05:13:44', '2014-06-09 05:13:44', '', 0, 0, 0),
(213, 2557024, 4811799, 'ศิริพร', 'ปัคคะมา', 1, 'OPD 1                                             ', '2014-06-09', '10:13:00', 0, 0, '2014-06-09 05:14:28', '2014-06-09 05:14:28', '', 0, 0, 0),
(214, 2557025, 14657, 'นิธิมา', 'จันเจอร์', 2, 'OPD  2                                            ', '2014-06-09', '10:14:00', 0, 0, '2014-06-09 05:15:04', '2014-06-09 05:15:04', '', 0, 0, 0),
(215, 2557026, 4317630, 'สาย', 'เนระวรรณ์', 3, 'ER', '2014-06-09', '10:14:00', 0, 0, '2014-06-09 05:15:22', '2014-06-09 05:15:22', '', 0, 0, 0),
(216, 2557027, 5707641, 'อมราพร', 'พานทอง', 5, 'ตรวจสุขภาพพนักงาน', '2014-06-09', '10:15:00', 0, 0, '2014-06-09 05:16:23', '2014-06-09 05:16:23', '', 0, 0, 0),
(217, 2557028, 70094, 'อำไพ', 'ลือสัก', 1, 'OPD 1                                             ', '2014-06-09', '10:17:00', 0, 0, '2014-06-09 05:18:17', '2014-06-09 05:18:17', '', 0, 0, 0),
(218, 2557029, 5707031, 'ภาวินี', 'อาภัย', 5, 'ตรวจสุขภาพพนักงาน', '2014-06-09', '10:18:00', 0, 0, '2014-06-09 05:19:11', '2014-06-09 05:19:11', '', 0, 0, 0),
(219, 2557030, 5106667, 'แก้วทิพย์', 'ชะงัก', 1, 'OPD 1                                             ', '2014-06-09', '10:19:00', 0, 0, '2014-06-09 05:20:21', '2014-06-09 05:20:21', '', 0, 0, 0),
(220, 2557031, 5404721, 'ขวัญตา', 'วิลากลาง', 5, 'ตรวจสุขภาพพนักงาน', '2014-06-09', '10:20:00', 0, 0, '2014-06-09 05:21:33', '2014-06-09 05:21:33', '', 0, 0, 0),
(221, 2557032, 4803586, 'ศิริพร', 'วิระวงค์', 1, 'OPD 1                                             ', '2014-06-09', '10:21:00', 0, 0, '2014-06-09 05:22:17', '2014-06-09 05:22:17', '', 0, 0, 0),
(222, 2557033, 4900611, 'อิทธิพล', 'ทิศพรม', 1, 'OPD 1                                             ', '2014-06-09', '10:22:00', 0, 0, '2014-06-09 05:22:44', '2014-06-09 05:22:44', '', 0, 0, 0),
(223, 2557034, 5003206, 'ขวัญ', 'ร้องสุพรรณ', 1, 'OPD 1                                             ', '2014-06-09', '10:22:00', 0, 0, '2014-06-09 05:23:28', '2014-06-09 05:23:28', '', 0, 0, 0),
(224, 2557035, 5707642, 'จันทรา', 'ขันคำ', 3, 'ER', '2014-06-09', '10:22:00', 0, 0, '2014-06-09 05:23:28', '2014-06-09 05:23:28', '', 0, 0, 0),
(225, 2557036, 5105096, 'เขมินทร์', 'นุเงิน', 1, 'OPD 1                                             ', '2014-06-09', '10:23:00', 0, 0, '2014-06-09 05:23:55', '2014-06-09 05:23:55', '', 0, 0, 0),
(226, 2557037, 4600838, 'จารุณี', 'นิ่มงามศรี', 2, 'OPD  2                                            ', '2014-06-09', '10:24:00', 0, 0, '2014-06-09 05:24:40', '2014-06-09 05:24:40', '', 0, 0, 0),
(227, 2557038, 68350, 'จตุรงค์', 'ยามะสัก', 2, 'OPD  2                                            ', '2014-06-09', '10:24:00', 0, 0, '2014-06-09 05:25:26', '2014-06-09 05:25:26', '', 0, 0, 0),
(228, 2557039, 5314031, 'ศิริพร', 'กำแพงทิพย์', 5, 'ตรวจสุขภาพพนักงาน', '2014-06-09', '10:25:00', 0, 0, '2014-06-09 05:26:11', '2014-06-09 05:26:11', '', 0, 0, 0),
(229, 2557040, 5617, 'สุภาวดี', 'ขันคำ', 3, 'ER', '2014-06-09', '10:25:00', 0, 0, '2014-06-09 05:26:29', '2014-06-09 05:26:29', '', 0, 0, 0),
(230, 2557041, 5705720, 'จันทร์ฉาย', 'แสงบุญ', 3, 'ER', '2014-06-09', '10:27:00', 0, 0, '2014-06-09 05:28:35', '2014-06-09 05:28:35', '', 0, 0, 0),
(231, 2557042, 5707643, 'พิรญาณ์', 'จำปาโชค', 4, 'ห้อง 1', '2014-06-09', '10:31:00', 0, 0, '2014-06-09 05:32:03', '2014-06-09 05:32:03', '', 0, 0, 0),
(232, 2557043, 54018, 'อุดมลักษณ์', 'ปานาม', 1, 'OPD 1                                             ', '2014-06-09', '10:32:00', 0, 0, '2014-06-09 05:33:06', '2014-06-09 05:33:06', '', 0, 0, 0),
(233, 2557044, 4701803, 'ชัชนันท์', 'สุขสา', 1, 'OPD 1                                             ', '2014-06-09', '10:36:00', 0, 0, '2014-06-09 05:36:43', '2014-06-09 05:36:43', '', 0, 0, 0),
(234, 2557045, 5707644, 'วุฒิชัย', 'เรียบร้อย', 5, 'ตรวจสุขภาพพนักงาน', '2014-06-09', '10:38:00', 0, 0, '2014-06-09 05:39:00', '2014-06-09 05:39:00', '', 0, 0, 0),
(235, 2557046, 4515070, 'อัมพร', 'แก้วอ้าย', 2, 'OPD  2                                            ', '2014-06-09', '10:42:00', 0, 0, '2014-06-09 05:43:13', '2014-06-09 05:43:13', '', 0, 0, 0),
(236, 2557047, 5105993, 'ราตรี', 'มาลี', 11, 'ห้องกายภาพ', '2014-06-09', '10:42:00', 0, 0, '2014-06-09 05:43:22', '2014-06-09 05:43:22', '', 0, 0, 0),
(237, 2557048, 5706381, 'ธนกฤต', 'จันทพรรณ', 2, 'OPD  2                                            ', '2014-06-09', '10:44:00', 0, 0, '2014-06-09 05:44:46', '2014-06-09 05:44:46', '', 0, 0, 0),
(238, 2557049, 66682, 'อำพร', 'จันทร์นวล', 1, 'OPD 1                                             ', '2014-06-09', '10:44:00', 0, 0, '2014-06-09 05:45:32', '2014-06-09 05:45:32', '', 0, 0, 0);
INSERT INTO `que` (`id`, `vn_id`, `hn_id`, `p_name`, `p_surname`, `dep_id`, `dep_name`, `date`, `time`, `hide`, `skip`, `created_at`, `updated_at`, `remark`, `dru`, `cas`, `skip_dru`) VALUES
(239, 2557050, 5602774, 'เบญจวรรณ', 'พลายน้ำ', 1, 'OPD 1                                             ', '2014-06-09', '10:45:00', 0, 0, '2014-06-09 05:46:08', '2014-06-09 05:46:08', '', 0, 0, 0),
(240, 2557051, 4713145, 'บัญชา', 'ปัญญาใจ', 1, 'OPD 1                                             ', '2014-06-09', '10:46:00', 0, 0, '2014-06-09 05:46:54', '2014-06-09 05:46:54', '', 0, 0, 0),
(241, 2557052, 5014005, 'พิมพรรณ', 'เจตะวัน', 5, 'ตรวจสุขภาพพนักงาน', '2014-06-09', '10:48:00', 0, 0, '2014-06-09 05:48:36', '2014-06-09 05:48:36', '', 0, 0, 0),
(242, 2557053, 4803499, 'จินตนา', 'คงขยัน', 2, 'OPD  2                                            ', '2014-06-09', '10:49:00', 0, 0, '2014-06-09 05:49:58', '2014-06-09 05:49:58', '', 0, 0, 0),
(243, 2557054, 4906162, 'สุรารักษ์', 'สาโรจน์', 1, 'OPD 1                                             ', '2014-06-09', '10:50:00', 0, 0, '2014-06-09 05:51:20', '2014-06-09 05:51:20', '', 0, 0, 0),
(244, 2557055, 5108401, 'นฤมล', 'ต๋าน้อย', 2, 'OPD  2                                            ', '2014-06-09', '10:51:00', 0, 0, '2014-06-09 05:52:06', '2014-06-09 05:52:06', '', 0, 0, 0),
(245, 2557056, 5512262, 'จุฬาลักษณ์', 'จันต๊ะนาเขตต์', 1, 'OPD 1                                             ', '2014-06-09', '10:53:00', 0, 0, '2014-06-09 05:53:38', '2014-06-09 05:53:38', '', 0, 0, 0),
(246, 2557057, 5600825, 'อุดมโชค', 'จันต๊ะนาเขต', 1, 'OPD 1                                             ', '2014-06-09', '10:53:00', 0, 0, '2014-06-09 05:54:14', '2014-06-09 05:54:14', '', 0, 0, 0),
(247, 2557058, 4515592, 'อรอุมา', 'ทิศดึง', 1, 'OPD 1                                             ', '2014-06-09', '10:54:00', 0, 0, '2014-06-09 05:55:29', '2014-06-09 05:55:29', '', 0, 0, 0),
(248, 2557059, 5707645, 'สุลักขณา', 'อุดสม', 5, 'ตรวจสุขภาพพนักงาน', '2014-06-09', '10:56:00', 0, 0, '2014-06-09 05:57:28', '2014-06-09 05:57:28', '', 0, 0, 0),
(249, 2557060, 5707646, 'เอกชัย', 'เนียมพรมลี', 5, 'ตรวจสุขภาพพนักงาน', '2014-06-09', '10:59:00', 0, 0, '2014-06-09 05:59:37', '2014-06-09 05:59:37', '', 0, 0, 0),
(250, 2557061, 4810624, 'รุ่ง', 'วังกาวรรณ์', 2, 'OPD  2                                            ', '2014-06-09', '11:01:00', 0, 0, '2014-06-09 06:02:33', '2014-06-09 06:02:33', '', 0, 0, 0),
(251, 2557062, 5606104, 'จิรารัตน์', 'ใจกาศ', 1, 'OPD 1                                             ', '2014-06-09', '11:01:00', 0, 0, '2014-06-09 06:02:33', '2014-06-09 06:02:33', '', 0, 0, 0),
(252, 2557063, 9985, 'พลอยเพชร', 'กันธิยะ', 2, 'OPD  2                                            ', '2014-06-09', '11:02:00', 0, 0, '2014-06-09 06:03:29', '2014-06-09 06:03:29', '', 0, 0, 0),
(253, 2557064, 4810479, 'ประวิทย์', 'อุตตึง', 2, 'OPD  2                                            ', '2014-06-09', '11:03:00', 0, 0, '2014-06-09 06:04:15', '2014-06-09 06:04:15', '', 0, 0, 0),
(254, 2557065, 5301751, 'วราวุธ', 'ดอนท้วม', 3, 'ER', '2014-06-09', '11:03:00', 0, 0, '2014-06-09 06:04:15', '2014-06-09 06:04:15', '', 0, 0, 0),
(255, 2557066, 5607182, 'เอกชัย', 'ยังสิริสุข', 3, 'ER', '2014-06-09', '11:04:00', 0, 0, '2014-06-09 06:04:43', '2014-06-09 06:04:43', '', 0, 0, 0),
(256, 2557067, 5413209, 'ฐิติรัตน์', 'ไชยชมภู', 3, 'ER', '2014-06-09', '11:04:00', 0, 0, '2014-06-09 06:05:21', '2014-06-09 06:05:21', '', 0, 0, 0),
(257, 2557068, 4500371, 'ธิติกานต์', 'ทองกลาง', 3, 'ER', '2014-06-09', '11:07:00', 0, 0, '2014-06-09 06:07:31', '2014-06-09 06:07:31', '', 0, 0, 0),
(258, 2557069, 4912279, 'พลกฤษณ์', 'เฝือเม่น', 2, 'OPD  2                                            ', '2014-06-09', '11:08:00', 0, 0, '2014-06-09 06:09:23', '2014-06-09 06:09:23', '', 0, 0, 0),
(259, 2557070, 5707647, 'สุวรรณา', 'ทาเงิน', 2, 'OPD  2                                            ', '2014-06-09', '11:09:00', 0, 0, '2014-06-09 06:10:20', '2014-06-09 06:10:20', '', 0, 0, 0),
(260, 2557071, 4811540, 'ฐิติพร', 'ทองอาชา', 2, 'OPD  2                                            ', '2014-06-09', '11:10:00', 0, 0, '2014-06-09 06:11:19', '2014-06-09 06:11:19', '', 0, 0, 0),
(261, 2557072, 5311330, 'สุบิน', 'สุรินทร์เปา', 5, 'ตรวจสุขภาพพนักงาน', '2014-06-09', '11:12:00', 0, 0, '2014-06-09 06:12:52', '2014-06-09 06:12:52', '', 0, 0, 0),
(262, 2557073, 5702026, 'ธนวัฒน์', 'ชัยวงค์', 3, 'ER', '2014-06-09', '11:13:00', 0, 0, '2014-06-09 06:14:07', '2014-06-09 06:14:07', '', 0, 0, 0),
(263, 2557074, 5312394, 'อนุสรณ์', 'ก๋ากาศ', 5, 'ตรวจสุขภาพพนักงาน', '2014-06-09', '11:13:00', 0, 0, '2014-06-09 06:14:07', '2014-06-09 06:14:07', '', 0, 0, 0),
(264, 2557075, 5500560, 'สุรเดช', 'วงศ์อารีไท', 5, 'ตรวจสุขภาพพนักงาน', '2014-06-09', '11:14:00', 0, 0, '2014-06-09 06:15:31', '2014-06-09 06:15:31', '', 0, 0, 0),
(265, 2557076, 5012610, 'ณฐภัค', 'ศิริต๊ะ', 2, 'OPD  2                                            ', '2014-06-09', '11:15:00', 0, 0, '2014-06-09 06:16:28', '2014-06-09 06:16:28', '', 0, 0, 0),
(266, 2557077, 5114790, 'นิพันธ์', 'ปัญศิริ', 5, 'ตรวจสุขภาพพนักงาน', '2014-06-09', '11:16:00', 0, 0, '2014-06-09 06:16:37', '2014-06-09 06:16:37', '', 0, 0, 0),
(267, 2557078, 5707545, 'สิริสิทธิ์', 'พิบูลย์', 5, 'ตรวจสุขภาพพนักงาน', '2014-06-09', '11:17:00', 0, 0, '2014-06-09 06:17:52', '2014-06-09 06:17:52', '', 0, 0, 0),
(268, 2557079, 5610079, 'วิชญ์วิสิฐ', 'ก๋ากาศ', 5, 'ตรวจสุขภาพพนักงาน', '2014-06-09', '11:18:00', 0, 0, '2014-06-09 06:18:48', '2014-06-09 06:18:48', '', 0, 0, 0),
(269, 2557080, 5408166, 'โกวิท', 'แสนหงษ์', 1, 'OPD 1                                             ', '2014-06-09', '11:19:00', 0, 0, '2014-06-09 06:20:23', '2014-06-09 06:20:23', '', 0, 0, 0),
(270, 2557081, 5707648, 'สันต์เพชร', 'ภูนบทอง', 5, 'ตรวจสุขภาพพนักงาน', '2014-06-09', '11:21:00', 0, 0, '2014-06-09 06:22:06', '2014-06-09 06:22:06', '', 0, 0, 0),
(271, 2557082, 5470, 'อุไรวรรณ', 'คำมะยอม', 2, 'OPD  2                                            ', '2014-06-09', '11:23:00', 0, 0, '2014-06-09 06:24:27', '2014-06-09 06:24:27', '', 0, 0, 0),
(272, 2557083, 47156, 'ธัญสินี', 'พรหมปัญญา', 2, 'OPD  2                                            ', '2014-06-09', '11:24:00', 0, 0, '2014-06-09 06:25:25', '2014-06-09 06:25:25', '', 0, 0, 0),
(273, 2557084, 5601054, 'ปราโมทย์', 'ลิมป์วรอมร', 3, 'ER', '2014-06-09', '11:24:00', 0, 0, '2014-06-09 06:25:25', '2014-06-09 06:25:25', '', 0, 0, 0),
(274, 2557085, 5610628, 'ประวิทย์', 'แพร่สาร', 2, 'OPD  2                                            ', '2014-06-09', '11:25:00', 0, 0, '2014-06-09 06:26:12', '2014-06-09 06:26:12', '', 0, 0, 0),
(275, 2557086, 4713443, 'คัมภีร์', 'สิริกันธา', 5, 'ตรวจสุขภาพพนักงาน', '2014-06-09', '11:26:00', 0, 0, '2014-06-09 06:27:09', '2014-06-09 06:27:09', '', 0, 0, 0),
(276, 2557087, 5400430, 'กิตติชัย', 'มาสีแก้ว', 5, 'ตรวจสุขภาพพนักงาน', '2014-06-09', '11:27:00', 0, 0, '2014-06-09 06:28:16', '2014-06-09 06:28:16', '', 0, 0, 0),
(277, 2557088, 5007727, 'ปรียานุช', 'กันทะใจ', 5, 'ตรวจสุขภาพพนักงาน', '2014-06-09', '11:28:00', 0, 0, '2014-06-09 06:29:32', '2014-06-09 06:29:32', '', 0, 0, 0),
(278, 2557089, 4801792, 'สุพรรณษา', 'สมพงษ์', 2, 'OPD  2                                            ', '2014-06-09', '11:31:00', 0, 0, '2014-06-09 06:31:37', '2014-06-09 06:31:37', '', 0, 0, 0),
(279, 2557090, 5414744, 'พุฒิพงศ์', 'อุ่นวงค์', 1, 'OPD 1                                             ', '2014-06-09', '11:31:00', 0, 0, '2014-06-09 06:32:25', '2014-06-09 06:32:25', '', 0, 0, 0),
(280, 2557091, 5202191, 'จารุณี', 'อ่อนพรม', 2, 'OPD  2                                            ', '2014-06-09', '11:32:00', 0, 0, '2014-06-09 06:33:03', '2014-06-09 06:33:03', '', 0, 0, 0),
(281, 2557092, 5606968, 'จักรพงษ์', 'วิธี', 1, 'OPD 1                                             ', '2014-06-09', '11:33:00', 0, 0, '2014-06-09 06:34:01', '2014-06-09 06:34:01', '', 0, 0, 0),
(282, 2557093, 5207506, 'สุทัศน์', 'มณีขัติย์', 3, 'ER', '2014-06-09', '11:34:00', 0, 0, '2014-06-09 06:34:39', '2014-06-09 06:34:39', '', 0, 0, 0),
(283, 2557094, 5404602, 'พรพรรณ', 'พรพรรณพฤกษ์', 2, 'OPD  2                                            ', '2014-06-09', '11:38:00', 0, 0, '2014-06-09 06:38:48', '2014-06-09 06:38:48', '', 0, 0, 0),
(284, 2557095, 5707649, 'ประหยัด', 'เวทศักดิ์', 5, 'ตรวจสุขภาพพนักงาน', '2014-06-09', '11:39:00', 0, 0, '2014-06-09 06:40:04', '2014-06-09 06:40:04', '', 0, 0, 0),
(285, 2557096, 5402817, 'วรวิทย์', 'ทิพย์พฤกษ์', 10, 'ห้องทันตกรรม', '2014-06-09', '11:39:00', 0, 0, '2014-06-09 06:40:14', '2014-06-09 06:40:14', '', 0, 0, 0),
(286, 2557097, 5701875, 'ณัฐวุฒิ', 'อุทธา', 1, 'OPD 1                                             ', '2014-06-09', '11:41:00', 0, 0, '2014-06-09 06:42:28', '2014-06-09 06:42:28', '', 0, 0, 0),
(287, 2557098, 4902854, 'สมชาย', 'บุญท้าวแก้ว', 1, 'OPD 1                                             ', '2014-06-09', '11:46:00', 0, 0, '2014-06-09 06:47:08', '2014-06-09 06:47:08', '', 0, 0, 0),
(288, 2557099, 12445, 'กฤษณา', 'ทาสัก', 3, 'ER', '2014-06-09', '11:49:00', 0, 0, '2014-06-09 06:50:01', '2014-06-09 06:50:01', '', 0, 0, 0),
(289, 2557100, 4610171, 'จพาชัย', 'มูลไว', 2, 'OPD  2                                            ', '2014-06-09', '11:54:00', 0, 0, '2014-06-09 06:55:00', '2014-06-09 06:55:00', '', 0, 0, 0),
(290, 2557101, 5706624, 'สมเพ็ชร', 'ปัญญากาศ', 4, 'ห้อง 1', '2014-06-09', '12:01:00', 0, 0, '2014-06-09 07:01:57', '2014-06-09 07:01:57', '', 0, 0, 0),
(291, 2557102, 5403743, 'สุภชัย', 'เครืออินทร์', 9, 'หน่วยฟอกไตเทียม', '2014-06-09', '12:07:00', 1, 0, '2014-06-09 07:07:49', '2014-06-10 04:39:49', '', 0, 0, 0),
(292, 2557103, 5608398, 'มนัสชนก', 'แจ้งแสง', 1, 'OPD 1                                             ', '2014-06-09', '12:08:00', 0, 0, '2014-06-09 07:09:07', '2014-06-09 07:09:07', '', 0, 0, 0),
(293, 2557104, 5707650, 'อิ่ง', 'ขู่คำ', 4, 'ห้อง 1', '2014-06-09', '12:16:00', 0, 0, '2014-06-09 07:17:26', '2014-06-09 07:17:26', '', 0, 0, 0),
(294, 2557105, 5507858, 'ภานุพงษ์', 'จะเต๊าะ', 1, 'OPD 1                                             ', '2014-06-09', '12:18:00', 0, 0, '2014-06-09 07:18:53', '2014-06-09 07:18:53', '', 0, 0, 0),
(295, 2557106, 5607485, 'เฉลิมพล', 'ทาสี', 3, 'ER', '2014-06-09', '12:18:00', 0, 0, '2014-06-09 07:19:22', '2014-06-09 07:19:22', '', 0, 0, 0),
(296, 2557107, 4410410, 'พินิจพงศ์', 'จูปั้น', 3, 'ER', '2014-06-09', '12:19:00', 0, 0, '2014-06-09 07:19:52', '2014-06-09 07:19:52', '', 0, 0, 0),
(297, 2557108, 4307144, 'ภควรรณ', 'ใหม่สาม', 1, 'OPD 1                                             ', '2014-06-09', '12:24:00', 0, 0, '2014-06-09 07:24:33', '2014-06-09 07:24:33', '', 0, 0, 0),
(298, 2557109, 4606035, 'ถาวร', 'ยอดแก้ว', 1, 'OPD 1                                             ', '2014-06-09', '12:24:00', 0, 0, '2014-06-09 07:25:32', '2014-06-09 07:25:32', '', 0, 0, 0),
(299, 2557110, 5414325, 'พิมพิชชา', 'อุ่นอินต๊ะ', 3, 'ER', '2014-06-09', '12:26:00', 0, 0, '2014-06-09 07:27:18', '2014-06-09 07:27:18', '', 0, 0, 0),
(300, 2557111, 4516756, 'อุทัย', 'ศรีเจริญ', 3, 'ER', '2014-06-09', '12:27:00', 0, 0, '2014-06-09 07:27:38', '2014-06-09 07:27:38', '', 0, 0, 0),
(301, 2557112, 5706083, 'กฤตธัช', 'กิตตะวงค์', 3, 'ER', '2014-06-09', '12:32:00', 0, 0, '2014-06-09 07:32:41', '2014-06-09 07:32:41', '', 0, 0, 0),
(302, 2557113, 4708593, 'พรชัย', 'วงค์เกตุ', 4, 'ห้อง 1', '2014-06-09', '12:32:00', 0, 0, '2014-06-09 07:33:01', '2014-06-09 07:33:01', '', 0, 0, 0),
(303, 2557114, 5703396, 'ณัฐวุฒิ', 'ดาวคำ', 1, 'OPD 1                                             ', '2014-06-09', '12:36:00', 0, 0, '2014-06-09 07:37:14', '2014-06-09 07:37:14', '', 0, 0, 0),
(304, 2557115, 4706591, 'วันเพ็ญ', 'แจ่มหม้อ', 1, 'OPD 1                                             ', '2014-06-09', '12:37:00', 0, 0, '2014-06-09 07:38:03', '2014-06-09 07:38:03', '', 0, 0, 0),
(305, 2557116, 5603351, 'ลภัสรดา', 'ชมชื่น', 1, 'OPD 1                                             ', '2014-06-09', '12:40:00', 0, 0, '2014-06-09 07:41:11', '2014-06-09 07:41:11', '', 0, 0, 0),
(306, 2557117, 35528, 'มานพ', 'ต้วมสูงเนิน', 2, 'OPD  2                                            ', '2014-06-09', '12:42:00', 0, 0, '2014-06-09 07:43:13', '2014-06-09 07:43:13', '', 0, 0, 0),
(307, 2557118, 5704624, 'สรศักดิ์', 'ปันชำนาญค้า', 4, 'ห้อง 1', '2014-06-09', '12:43:00', 0, 0, '2014-06-09 07:44:21', '2014-06-09 07:44:21', '', 0, 0, 0),
(308, 2557119, 4701207, 'พัชรา', 'ยาวุฒิ', 2, 'OPD  2                                            ', '2014-06-09', '12:45:00', 0, 0, '2014-06-09 07:45:50', '2014-06-09 07:45:50', '', 0, 0, 0),
(309, 2557120, 5707651, 'ณัฐพงค์', 'ญาณพันธ์', 5, 'ตรวจสุขภาพพนักงาน', '2014-06-09', '12:46:00', 0, 0, '2014-06-09 07:46:48', '2014-06-09 07:46:48', '', 0, 0, 0),
(310, 2557121, 5301521, 'กิตติเดช', 'ตันคำสืบ', 1, 'OPD 1                                             ', '2014-06-09', '12:49:00', 0, 0, '2014-06-09 07:50:17', '2014-06-09 07:50:17', '', 0, 0, 0),
(311, 2557122, 69286, 'ทองสุข', 'ใจมุข', 1, 'OPD 1                                             ', '2014-06-09', '12:50:00', 0, 0, '2014-06-09 07:51:08', '2014-06-09 07:51:08', '', 0, 0, 0),
(312, 2557123, 5506036, 'ณัฐรดา', 'มาบุพผา', 1, 'OPD 1                                             ', '2014-06-09', '12:51:00', 0, 0, '2014-06-09 07:52:19', '2014-06-09 07:52:19', '', 0, 0, 0),
(313, 2557124, 5110361, 'พิหาร', 'เขตวัง', 1, 'OPD 1                                             ', '2014-06-09', '12:53:00', 0, 0, '2014-06-09 07:54:29', '2014-06-09 07:54:29', '', 0, 0, 0),
(314, 2557125, 4706214, 'อังคนา', 'สุริยะมี', 1, 'OPD 1                                             ', '2014-06-09', '12:55:00', 0, 0, '2014-06-09 07:55:48', '2014-06-09 07:55:48', '', 0, 0, 0),
(315, 2557126, 5511526, 'ดารารัตน์', 'เบ็ญจมาศ', 1, 'OPD 1                                             ', '2014-06-09', '12:56:00', 0, 0, '2014-06-09 07:57:17', '2014-06-09 07:57:17', '', 0, 0, 0),
(316, 2557127, 5305610, 'นพดล', 'สามวิล', 1, 'OPD 1                                             ', '2014-06-09', '12:58:00', 0, 0, '2014-06-09 07:58:39', '2014-06-09 07:58:39', '', 0, 0, 0),
(317, 2557128, 43478, 'บุญหลาย', 'เขื่อนเพชร', 2, 'OPD  2                                            ', '2014-06-09', '13:00:00', 0, 0, '2014-06-09 08:00:50', '2014-06-09 08:00:50', '', 0, 0, 0),
(318, 2557129, 5701377, 'เสาวลักษณ์', 'เทพเสาร์', 1, 'OPD 1                                             ', '2014-06-09', '13:00:00', 0, 0, '2014-06-09 08:01:10', '2014-06-09 08:01:10', '', 0, 0, 0),
(319, 2557130, 4604778, 'นุชจรี', 'สุขสำราญ', 2, 'OPD  2                                            ', '2014-06-09', '13:04:00', 0, 0, '2014-06-09 08:04:49', '2014-06-09 08:04:49', '', 0, 0, 0),
(320, 2557131, 5400860, 'พิพัฒน์', 'สุขเสม', 2, 'OPD  2                                            ', '2014-06-09', '13:05:00', 0, 0, '2014-06-09 08:06:39', '2014-06-09 08:06:39', '', 0, 0, 0),
(321, 2557132, 5605212, 'รพีภัณฑ์', 'ศรีธิ', 1, 'OPD 1                                             ', '2014-06-09', '13:06:00', 0, 0, '2014-06-09 08:06:59', '2014-06-09 08:06:59', '', 0, 0, 0),
(322, 2557133, 5700823, 'สายฝน', 'สุริยะจักร์', 1, 'OPD 1                                             ', '2014-06-09', '13:07:00', 0, 0, '2014-06-09 08:07:49', '2014-06-09 08:07:49', '', 0, 0, 0),
(323, 2557134, 5707601, 'ราตรี', 'กัลละหะ', 3, 'ER', '2014-06-09', '13:10:00', 0, 0, '2014-06-09 08:11:29', '2014-06-09 08:11:29', '', 0, 0, 0),
(324, 2557135, 5207697, 'คนิด', 'กาใจ', 2, 'OPD  2                                            ', '2014-06-09', '13:11:00', 0, 0, '2014-06-09 08:12:30', '2014-06-09 08:12:30', '', 0, 0, 0),
(325, 2557136, 5013366, 'ศุภธิดา', 'ศรีภา', 1, 'OPD 1                                             ', '2014-06-09', '13:14:00', 0, 0, '2014-06-09 08:15:01', '2014-06-09 08:15:01', '', 0, 0, 0);

/*!40101 SET CHARACTER_SET_CLIENT=@OLD_CHARACTER_SET_CLIENT */;
/*!40101 SET CHARACTER_SET_RESULTS=@OLD_CHARACTER_SET_RESULTS */;
/*!40101 SET COLLATION_CONNECTION=@OLD_COLLATION_CONNECTION */;
